,EdgeID,startCoords,endCoords,distance
0,7032,"(38.466919, -122.42111200000001)","(38.475662, -122.40366399999999)",0.019516
1,7033,"(38.466919, -122.42111200000001)","(38.477333, -122.43550900000001)",0.017768
2,7034,"(38.466919, -122.42111200000001)","(38.433116999999996, -122.38968700000001)",0.046153
3,7035,"(38.475662, -122.40366399999999)","(38.485110999999996, -122.402573)",0.009512
4,7036,"(38.485110999999996, -122.402573)","(38.487724, -122.40041399999998)",0.00339
5,7037,"(38.487724, -122.40041399999998)","(38.485092, -122.391792)",0.009014
6,7038,"(38.485092, -122.391792)","(38.478767, -122.378258)",0.014939
7,7039,"(38.478767, -122.378258)","(38.477474, -122.370598)",0.007768
8,7040,"(38.477474, -122.370598)","(38.479263, -122.360527)",0.010228
9,7041,"(38.479263, -122.360527)","(38.493557, -122.34171299999998)",0.023628
10,7042,"(38.493557, -122.34171299999998)","(38.493423, -122.328011)",0.013703
11,7043,"(38.493423, -122.328011)","(38.489609, -122.314651)",0.013893
12,7044,"(38.489609, -122.314651)","(38.490790999999994, -122.30803700000001)",0.00672
13,7045,"(38.490790999999994, -122.30803700000001)","(38.489769, -122.299232)",0.008863
14,7046,"(38.489769, -122.299232)","(38.49601, -122.292374)",0.009273
15,7053,"(38.477333, -122.43550900000001)","(38.483921, -122.448196)",0.014296
16,7054,"(38.483921, -122.448196)","(38.499767, -122.464142)",0.02248
17,7083,"(38.475105, -122.723396)","(38.462635, -122.716843)",0.014087
18,7084,"(38.462635, -122.716843)","(38.441978000000006, -122.70723000000001)",0.022784
19,7089,"(38.454262, -122.683968)","(38.454948, -122.682671)",0.001468
20,7090,"(38.454262, -122.683968)","(38.441978000000006, -122.70723000000001)",0.026306
21,7091,"(38.454948, -122.682671)","(38.465332000000004, -122.67047099999999)",0.01602
22,7111,"(38.448597, -122.198692)","(38.459297, -122.21219599999999)",0.017229
23,7112,"(38.448597, -122.198692)","(38.441719, -122.18688999999999)",0.01366
24,7113,"(38.448597, -122.198692)","(38.433426000000004, -122.21106699999999)",0.019578
25,7114,"(38.459297, -122.21219599999999)","(38.474953, -122.22226)",0.018611
26,7115,"(38.474953, -122.22226)","(38.498543, -122.24043300000001)",0.029778
27,7117,"(38.441978000000006, -122.70723000000001)","(38.417942, -122.71424099999999)",0.025038
28,7138,"(38.49971, -122.021553)","(38.49987, -122.02941100000001)",0.00786
29,7146,"(38.465828, -122.14511100000001)","(38.441165999999996, -122.15426599999999)",0.026307
30,7147,"(38.441165999999996, -122.15426599999999)","(38.435009, -122.153282)",0.006235
31,7148,"(38.435009, -122.153282)","(38.433009999999996, -122.15751599999999)",0.004682
32,7149,"(38.433009999999996, -122.15751599999999)","(38.437862, -122.16831200000001)",0.011836
33,7150,"(38.437862, -122.16831200000001)","(38.441719, -122.18688999999999)",0.018974
34,7169,"(38.417942, -122.71424099999999)","(38.416584, -122.714272)",0.001358
35,7170,"(38.416584, -122.714272)","(38.380611, -122.715134)",0.035983
36,7189,"(38.403252, -122.35331699999999)","(38.405659, -122.35436200000001)",0.002624
37,7190,"(38.403252, -122.35331699999999)","(38.348927, -122.315933)",0.065945
38,7191,"(38.405659, -122.35436200000001)","(38.410286, -122.359047)",0.006584
39,7192,"(38.410286, -122.359047)","(38.417725, -122.373512)",0.016266
40,7193,"(38.417725, -122.373512)","(38.433116999999996, -122.38968700000001)",0.022328
41,7209,"(38.38353, -121.941643)","(38.414387, -121.899803)",0.051988
42,7210,"(38.38353, -121.941643)","(38.430428000000006, -121.937569)",0.047075
43,7211,"(38.38353, -121.941643)","(38.367512, -121.96373700000001)",0.02729
44,7214,"(38.485874, -121.940903)","(38.469769, -121.937302)",0.016503
45,7215,"(38.469769, -121.937302)","(38.444237, -121.93518799999998)",0.025619
46,7216,"(38.444237, -121.93518799999998)","(38.430428000000006, -121.937569)",0.014013
47,7225,"(38.367512, -121.96373700000001)","(38.363789000000004, -121.97091699999999)",0.008087
48,7226,"(38.363789000000004, -121.97091699999999)","(38.347614, -121.994469)",0.028571
49,7271,"(38.347614, -121.994469)","(38.346928000000005, -121.99569699999999)",0.001407
50,7272,"(38.346928000000005, -121.99569699999999)","(38.337532, -122.01244399999999)",0.019202
51,7287,"(38.380611, -122.715134)","(38.34597, -122.717377)",0.034714
52,7288,"(38.34597, -122.717377)","(38.333103, -122.716927)",0.012875
53,7290,"(38.333103, -122.716927)","(38.315098, -122.71695700000001)",0.018005
54,7297,"(38.348927, -122.315933)","(38.332664, -122.302971)",0.020796
55,7298,"(38.332664, -122.302971)","(38.331669, -122.302551)",0.00108
56,7299,"(38.331669, -122.302551)","(38.322453, -122.29871399999999)",0.009983
57,7300,"(38.433426000000004, -122.21106699999999)","(38.427203999999996, -122.21183)",0.006268
58,7301,"(38.427203999999996, -122.21183)","(38.405623999999996, -122.20661899999999)",0.0222
59,7302,"(38.405623999999996, -122.20661899999999)","(38.386948, -122.203346)",0.018961
60,7303,"(38.386948, -122.203346)","(38.377720000000004, -122.203056)",0.009232
61,7304,"(38.377720000000004, -122.203056)","(38.371559000000005, -122.20903799999999)",0.008587
62,7305,"(38.371559000000005, -122.20903799999999)","(38.363476, -122.205299)",0.008906
63,7306,"(38.363476, -122.205299)","(38.358856, -122.20614599999999)",0.004697
64,7307,"(38.358856, -122.20614599999999)","(38.347671999999996, -122.245232)",0.040654
65,7308,"(38.347671999999996, -122.245232)","(38.343365000000006, -122.255402)",0.011044
66,7309,"(38.343365000000006, -122.255402)","(38.329208, -122.271027)",0.021084
67,7310,"(38.329208, -122.271027)","(38.325352, -122.28546899999999)",0.014949
68,7311,"(38.325352, -122.28546899999999)","(38.32444, -122.285789)",0.000966
69,7312,"(38.32444, -122.285789)","(38.315056, -122.28907)",0.009941
70,7313,"(38.322453, -122.29871399999999)","(38.317085, -122.29647800000001)",0.005814
71,7332,"(38.317085, -122.29647800000001)","(38.306492, -122.292061)",0.011478
72,7333,"(38.465332000000004, -122.67047099999999)","(38.468303999999996, -122.665443)",0.00584
73,7334,"(38.468303999999996, -122.665443)","(38.468140000000005, -122.647957)",0.017487
74,7335,"(38.468140000000005, -122.647957)","(38.443989, -122.59588600000001)",0.057399
75,7336,"(38.443989, -122.59588600000001)","(38.430305, -122.56173700000001)",0.036789
76,7337,"(38.430305, -122.56173700000001)","(38.420685, -122.550591)",0.014724
77,7338,"(38.420685, -122.550591)","(38.412357, -122.546806)",0.009147
78,7339,"(38.412357, -122.546806)","(38.401623, -122.54023000000001)",0.012589
79,7340,"(38.401623, -122.54023000000001)","(38.354153000000004, -122.501717)",0.061128
80,7341,"(38.354153000000004, -122.501717)","(38.328590000000005, -122.48773200000001)",0.029138
81,7342,"(38.328590000000005, -122.48773200000001)","(38.317188, -122.48033899999999)",0.013589
82,7343,"(38.317188, -122.48033899999999)","(38.311428, -122.480026)",0.005769
83,7344,"(38.311428, -122.480026)","(38.30843, -122.479874)",0.003002
84,7345,"(38.30843, -122.479874)","(38.300701000000004, -122.474457)",0.009438
85,7346,"(38.315056, -122.28907)","(38.306492, -122.292061)",0.009071
86,7347,"(38.306492, -122.292061)","(38.291691, -122.274872)",0.022683
87,7348,"(38.300701000000004, -122.474457)","(38.300205, -122.469788)",0.004695
88,7349,"(38.300205, -122.469788)","(38.297436, -122.45913700000001)",0.011005
89,7350,"(38.297436, -122.45913700000001)","(38.294197, -122.454582)",0.005589
90,7351,"(38.294197, -122.454582)","(38.293251, -122.45464299999999)",0.000948
91,7352,"(38.293251, -122.45464299999999)","(38.284824, -122.45520800000001)",0.008446
92,7353,"(38.291691, -122.274872)","(38.291027, -122.27475700000001)",0.000674
93,7384,"(38.291027, -122.27475700000001)","(38.259968, -122.26940900000001)",0.031516
94,7385,"(38.284824, -122.45520800000001)","(38.273022, -122.456001)",0.011829
95,7386,"(38.337532, -122.01244399999999)","(38.332443, -122.019997)",0.009107
96,7387,"(38.332443, -122.019997)","(38.316891, -122.032173)",0.019752
97,7388,"(38.316891, -122.032173)","(38.305965, -122.03674299999999)",0.011843
98,7389,"(38.305965, -122.03674299999999)","(38.287113, -122.039383)",0.019036
99,7390,"(38.287113, -122.039383)","(38.261833, -122.048607)",0.02691
100,7391,"(38.261833, -122.048607)","(38.259068, -122.05046100000001)",0.00333
101,7392,"(38.259068, -122.05046100000001)","(38.258137, -122.049347)",0.001452
102,7393,"(38.258137, -122.049347)","(38.251652, -122.041634)",0.010077
103,7420,"(38.252441, -122.06186699999999)","(38.252891999999996, -122.06115700000001)",0.00084
104,7421,"(38.252441, -122.06186699999999)","(38.246796, -122.070847)",0.010607
105,7422,"(38.252891999999996, -122.06115700000001)","(38.251652, -122.041634)",0.019563
106,7423,"(38.315098, -122.71695700000001)","(38.311245, -122.71611000000001)",0.003945
107,7424,"(38.311245, -122.71611000000001)","(38.308597999999996, -122.71388200000001)",0.00346
108,7425,"(38.308597999999996, -122.71388200000001)","(38.297489, -122.70086699999999)",0.017112
109,7426,"(38.297489, -122.70086699999999)","(38.286495, -122.68524199999999)",0.019105
110,7427,"(38.286495, -122.68524199999999)","(38.277576, -122.66918899999999)",0.018364
111,7428,"(38.277576, -122.66918899999999)","(38.266869, -122.65213)",0.020141
112,7429,"(38.266869, -122.65213)","(38.258408, -122.64135700000001)",0.013698
113,7430,"(38.258408, -122.64135700000001)","(38.252228, -122.63498700000001)",0.008875
114,7431,"(38.252228, -122.63498700000001)","(38.251362, -122.635521)",0.001017
115,7432,"(38.251652, -122.041634)","(38.246475, -122.03231799999999)",0.010657
116,7433,"(38.251362, -122.635521)","(38.236618, -122.644539)",0.017283
117,7434,"(38.246475, -122.03231799999999)","(38.246136, -122.03093700000001)",0.001422
118,7435,"(38.246136, -122.03093700000001)","(38.244774, -122.025398)",0.005704
119,7457,"(38.236618, -122.644539)","(38.236301, -122.653236)",0.008703
120,7458,"(38.236618, -122.644539)","(38.235878, -122.627098)",0.017456
121,7459,"(38.236618, -122.644539)","(38.221934999999995, -122.64536299999999)",0.014706
122,7460,"(38.236301, -122.653236)","(38.236263, -122.65428899999999)",0.001054
123,7461,"(38.236263, -122.65428899999999)","(38.236053000000005, -122.66005700000001)",0.005772
124,7462,"(38.236053000000005, -122.66005700000001)","(38.235690999999996, -122.670029)",0.009978
125,7463,"(38.235878, -122.627098)","(38.232639, -122.622818)",0.005367
126,7464,"(38.235690999999996, -122.670029)","(38.235611, -122.672249)",0.002222
127,7465,"(38.235611, -122.672249)","(38.238754, -122.673927)",0.003563
128,7474,"(38.264458000000005, -122.721069)","(38.251163, -122.694557)",0.029659
129,7475,"(38.251163, -122.694557)","(38.238754, -122.673927)",0.024074
130,7531,"(38.221934999999995, -122.64536299999999)","(38.22102, -122.645126)",0.000946
131,7532,"(38.22102, -122.645126)","(38.214375, -122.64344799999999)",0.006854
132,7533,"(38.219707, -122.12824199999999)","(38.246796, -122.070847)",0.063467
133,7534,"(38.219707, -122.12824199999999)","(38.210029999999996, -122.147049)",0.021151
134,7535,"(38.219707, -122.12824199999999)","(38.198570000000004, -122.13498700000001)",0.022187
135,7539,"(38.224438, -121.889214)","(38.229442999999996, -121.896492)",0.008833
136,7540,"(38.229442999999996, -121.896492)","(38.228905, -121.96608)",0.06959
137,7541,"(38.228905, -121.96608)","(38.229919, -121.969627)",0.00369
138,7542,"(38.229919, -121.969627)","(38.239864000000004, -121.985626)",0.018838
139,7543,"(38.239864000000004, -121.985626)","(38.243893, -121.994293)",0.009557
140,7544,"(38.243893, -121.994293)","(38.244884000000006, -122.00451699999999)",0.010271
141,7545,"(38.244884000000006, -122.00451699999999)","(38.244774, -122.025398)",0.020882
142,7627,"(38.273022, -122.456001)","(38.268921, -122.455421)",0.004142
143,7628,"(38.268921, -122.455421)","(38.258263, -122.446854)",0.013675
144,7629,"(38.258263, -122.446854)","(38.251507000000004, -122.443771)",0.007426
145,7630,"(38.251507000000004, -122.443771)","(38.248847999999995, -122.44155900000001)",0.003459
146,7631,"(38.248847999999995, -122.44155900000001)","(38.238696999999995, -122.459427)",0.02055
147,7632,"(38.238696999999995, -122.459427)","(38.234726, -122.46118899999999)",0.004345
148,7633,"(38.234726, -122.46118899999999)","(38.214077, -122.455704)",0.021365
149,7634,"(38.214077, -122.455704)","(38.199965999999996, -122.44747199999999)",0.016336
150,7635,"(38.199965999999996, -122.44747199999999)","(38.194511, -122.446228)",0.005595
151,7636,"(38.194511, -122.446228)","(38.187134, -122.447166)",0.007437
152,7637,"(38.187134, -122.447166)","(38.174107, -122.457001)",0.016322
153,7638,"(38.174107, -122.457001)","(38.16835, -122.457474)",0.005776
154,7639,"(38.16835, -122.457474)","(38.153324, -122.454697)",0.015281
155,7640,"(38.153324, -122.454697)","(38.135185, -122.486107)",0.036271
156,7641,"(38.153324, -122.454697)","(38.157238, -122.404533)",0.050316
157,7767,"(38.259968, -122.26940900000001)","(38.254768, -122.26790600000001)",0.005412
158,7768,"(38.254768, -122.26790600000001)","(38.243782, -122.26226000000001)",0.012352
159,7769,"(38.243782, -122.26226000000001)","(38.233757000000004, -122.255508)",0.012087
160,7770,"(38.233757000000004, -122.255508)","(38.227866999999996, -122.25396699999999)",0.006088
161,7771,"(38.227866999999996, -122.25396699999999)","(38.210995000000004, -122.252602)",0.016928
162,7772,"(38.210995000000004, -122.252602)","(38.182392, -122.25282299999999)",0.028603
163,7773,"(38.182392, -122.25282299999999)","(38.144508, -122.25621000000001)",0.038035
164,7774,"(38.144508, -122.25621000000001)","(38.132065000000004, -122.255417)",0.012469
165,7775,"(38.132065000000004, -122.255417)","(38.130417, -122.25531799999999)",0.001651
166,7778,"(38.130417, -122.25531799999999)","(38.126255, -122.255051)",0.00417
167,7779,"(38.128445, -122.22905700000001)","(38.140083000000004, -122.218933)",0.015426
168,7780,"(38.128445, -122.22905700000001)","(38.127579, -122.22923300000001)",0.000884
169,7781,"(38.140083000000004, -122.218933)","(38.160709000000004, -122.209953)",0.022496
170,7782,"(38.160709000000004, -122.209953)","(38.16547, -122.207047)",0.005578
171,7783,"(38.16547, -122.207047)","(38.172646, -122.196503)",0.012754
172,7784,"(38.172646, -122.196503)","(38.176868, -122.19420600000001)",0.004807
173,7785,"(38.176868, -122.19420600000001)","(38.185909, -122.18771399999999)",0.011131
174,7786,"(38.185909, -122.18771399999999)","(38.188652000000005, -122.183998)",0.004618
175,7787,"(38.188652000000005, -122.183998)","(38.191837, -122.17806200000001)",0.006736
176,7788,"(38.191837, -122.17806200000001)","(38.197128, -122.16593200000001)",0.013234
177,7789,"(38.197128, -122.16593200000001)","(38.210029999999996, -122.147049)",0.022869
178,7790,"(38.127579, -122.22923300000001)","(38.100533, -122.234673)",0.027588
179,7798,"(38.135185, -122.486107)","(38.122169, -122.50533300000001)",0.023217
180,7800,"(38.11927, -122.29466200000002)","(38.119934, -122.295631)",0.001174
181,7801,"(38.119934, -122.295631)","(38.121002000000004, -122.303238)",0.007681
182,7802,"(38.121002000000004, -122.303238)","(38.134243, -122.33310700000001)",0.032672
183,7803,"(38.134243, -122.33310700000001)","(38.154686, -122.394203)",0.064426
184,7804,"(38.154686, -122.394203)","(38.157238, -122.404533)",0.010641
185,7807,"(38.126255, -122.255051)","(38.120834, -122.254204)",0.005486
186,7808,"(38.120834, -122.254204)","(38.117958, -122.253754)",0.002911
187,7809,"(38.117958, -122.253754)","(38.117558, -122.25331100000001)",0.000597
188,7816,"(38.117558, -122.25331100000001)","(38.100533, -122.234673)",0.025244
189,7836,"(38.232639, -122.622818)","(38.221237, -122.61650800000001)",0.013031
190,7837,"(38.221237, -122.61650800000001)","(38.207153000000005, -122.60331699999999)",0.019297
191,7838,"(38.207153000000005, -122.60331699999999)","(38.203121, -122.601303)",0.004507
192,7839,"(38.203121, -122.601303)","(38.199028000000006, -122.600723)",0.004134
193,7840,"(38.199028000000006, -122.600723)","(38.190692999999996, -122.603073)",0.00866
194,7841,"(38.190692999999996, -122.603073)","(38.187725, -122.60285900000001)",0.002976
195,7842,"(38.187725, -122.60285900000001)","(38.183884, -122.60173)",0.004004
196,7843,"(38.183884, -122.60173)","(38.179863, -122.599419)",0.004638
197,7844,"(38.179863, -122.599419)","(38.173782, -122.591728)",0.009804
198,7845,"(38.173782, -122.591728)","(38.166237, -122.58074199999999)",0.013328
199,7846,"(38.166237, -122.58074199999999)","(38.162952000000004, -122.577316)",0.004746
200,7847,"(38.162952000000004, -122.577316)","(38.158943, -122.574722)",0.004775
201,7848,"(38.158943, -122.574722)","(38.142879, -122.570427)",0.016628
202,7849,"(38.142879, -122.570427)","(38.127113, -122.569946)",0.015773
203,7850,"(38.127113, -122.569946)","(38.119267, -122.57144199999999)",0.007988
204,7851,"(38.119267, -122.57144199999999)","(38.111267, -122.574951)",0.008735
205,7852,"(38.111267, -122.574951)","(38.098778, -122.57106)",0.013081
206,7853,"(38.100533, -122.234673)","(38.083538, -122.22923300000001)",0.017844
207,7854,"(38.100533, -122.234673)","(38.082615000000004, -122.20770300000001)",0.032379
208,7870,"(38.098778, -122.57106)","(38.098221, -122.55941000000001)",0.011663
209,7871,"(38.098221, -122.55941000000001)","(38.097561, -122.55886100000001)",0.000859
210,7872,"(38.097561, -122.55886100000001)","(38.086265999999995, -122.549477)",0.014685
211,7883,"(38.119640000000004, -122.509064)","(38.116165, -122.514191)",0.006194
212,7884,"(38.116165, -122.514191)","(38.113499, -122.51779199999999)",0.004481
213,7885,"(38.113499, -122.51779199999999)","(38.110195000000004, -122.520187)",0.004081
214,7886,"(38.110195000000004, -122.520187)","(38.105389, -122.525673)",0.007293
215,7887,"(38.105389, -122.525673)","(38.096619, -122.538452)",0.015499
216,7888,"(38.096619, -122.538452)","(38.086265999999995, -122.549477)",0.015124
217,7889,"(38.086265999999995, -122.549477)","(38.078239, -122.545639)",0.008896
218,7901,"(38.083538, -122.22923300000001)","(38.082069, -122.22898899999998)",0.001489
219,7902,"(38.082615000000004, -122.20770300000001)","(38.079842, -122.200157)",0.008039
220,7903,"(38.082069, -122.22898899999998)","(38.080890999999994, -122.228798)",0.001194
221,7904,"(38.214375, -122.64344799999999)","(38.211304, -122.645554)",0.003723
222,7905,"(38.211304, -122.645554)","(38.20388, -122.642113)",0.008182
223,7906,"(38.20388, -122.642113)","(38.196583000000004, -122.656967)",0.01655
224,7907,"(38.196583000000004, -122.656967)","(38.190540000000006, -122.664078)",0.009331
225,7908,"(38.190540000000006, -122.664078)","(38.166698, -122.6847)",0.031523
226,7909,"(38.166698, -122.6847)","(38.159485, -122.69751699999999)",0.014708
227,7910,"(38.159485, -122.69751699999999)","(38.149184999999996, -122.707497)",0.014341
228,7911,"(38.149184999999996, -122.707497)","(38.12339, -122.72013100000001)",0.028723
229,7912,"(38.12339, -122.72013100000001)","(38.115596999999994, -122.71985600000001)",0.007798
230,7939,"(38.068199, -122.181068)","(38.073566, -122.191048)",0.011331
231,7940,"(38.068199, -122.181068)","(38.052859999999995, -122.152946)",0.032033
232,7941,"(38.073566, -122.191048)","(38.079842, -122.200157)",0.011062
233,7953,"(38.054840000000006, -122.134193)","(38.066891, -122.133423)",0.012075
234,7954,"(38.054840000000006, -122.134193)","(38.055904, -122.13941200000001)",0.005326
235,7955,"(38.054840000000006, -122.134193)","(38.050715999999994, -122.13153799999999)",0.004904
236,7956,"(38.066891, -122.133423)","(38.075053999999994, -122.12928000000001)",0.009154
237,7957,"(38.075053999999994, -122.12928000000001)","(38.080288, -122.124077)",0.00738
238,7958,"(38.080288, -122.124077)","(38.086411, -122.113724)",0.012028
239,7959,"(38.086411, -122.113724)","(38.089752000000004, -122.110153)",0.00489
240,7960,"(38.089752000000004, -122.110153)","(38.099899, -122.107872)",0.0104
241,7961,"(38.099899, -122.107872)","(38.108627, -122.107368)",0.008743
242,7962,"(38.108627, -122.107368)","(38.137454999999996, -122.108147)",0.028838
243,7963,"(38.137454999999996, -122.108147)","(38.151829, -122.110229)",0.014524
244,7964,"(38.151829, -122.110229)","(38.175159, -122.12361899999999)",0.0269
245,7965,"(38.175159, -122.12361899999999)","(38.186787, -122.131332)",0.013953
246,7966,"(38.186787, -122.131332)","(38.198570000000004, -122.13498700000001)",0.012337
247,7967,"(38.055904, -122.13941200000001)","(38.052859999999995, -122.152946)",0.013873
248,7990,"(38.045925, -122.239052)","(38.046757, -122.23835)",0.001088
249,7991,"(38.045925, -122.239052)","(38.039398, -122.244522)",0.008516
250,7992,"(38.046757, -122.23835)","(38.052288, -122.23206299999998)",0.008374
251,7993,"(38.052288, -122.23206299999998)","(38.05875, -122.22525)",0.00939
252,7994,"(38.05875, -122.22525)","(38.080890999999994, -122.228798)",0.022423
253,8006,"(38.035579999999996, -122.24812299999999)","(38.039398, -122.244522)",0.005249
254,8007,"(38.035579999999996, -122.24812299999999)","(38.032082, -122.251427)",0.004811
255,8008,"(38.032082, -122.251427)","(38.028809, -122.25451699999999)",0.004501
256,8009,"(38.028809, -122.25451699999999)","(38.018177, -122.264526)",0.014602
257,8010,"(38.045052, -122.02037800000001)","(38.048725, -122.023697)",0.004951
258,8011,"(38.048725, -122.023697)","(38.04932, -122.03214299999999)",0.008467
259,8012,"(38.04932, -122.03214299999999)","(38.047714, -122.04418899999999)",0.012153
260,8013,"(38.047714, -122.04418899999999)","(38.039818, -122.076393)",0.033158
261,8014,"(38.039818, -122.076393)","(38.034851, -122.086197)",0.01099
262,8015,"(38.034851, -122.086197)","(38.027344, -122.096428)",0.01269
263,8016,"(38.027344, -122.096428)","(38.020748, -122.10075400000001)",0.007888
264,8017,"(38.020748, -122.10075400000001)","(38.029427, -122.113731)",0.015612
265,8018,"(38.020748, -122.10075400000001)","(38.018715, -122.101662)",0.002227
266,8019,"(38.020748, -122.10075400000001)","(38.015667, -122.097153)",0.006228
267,8020,"(38.029427, -122.113731)","(38.050715999999994, -122.13153799999999)",0.027755
268,8024,"(38.020721, -121.899483)","(38.017963, -121.945801)",0.0464
269,8025,"(38.018715, -122.101662)","(38.013596, -122.103981)",0.00562
270,8026,"(38.018177, -122.264526)","(38.012840000000004, -122.254631)",0.011243
271,8027,"(38.018177, -122.264526)","(38.010818, -122.270699)",0.009604
272,8030,"(38.013596, -122.103981)","(38.011806, -122.10391200000001)",0.00179
273,8043,"(38.013439, -122.20130900000001)","(38.008926, -122.214729)",0.014159
274,8044,"(38.013439, -122.20130900000001)","(38.013657, -122.18438)",0.016931
275,8045,"(38.008926, -122.214729)","(38.008148, -122.222794)",0.008102
276,8046,"(38.008148, -122.222794)","(38.011967, -122.230553)",0.008648
277,8047,"(38.011967, -122.230553)","(38.012840000000004, -122.254631)",0.024094
278,8048,"(38.017963, -121.945801)","(38.019249, -121.954292)",0.008588
279,8049,"(38.019249, -121.954292)","(38.024689, -121.967972)",0.014721
280,8050,"(38.024689, -121.967972)","(38.024513, -121.978699)",0.010728
281,8051,"(38.024513, -121.978699)","(38.023078999999996, -121.98645)",0.007883
282,8052,"(38.023078999999996, -121.98645)","(38.0191, -122.001007)",0.015091
283,8053,"(38.0191, -122.001007)","(38.012444, -122.01976)",0.019899
284,8054,"(38.012444, -122.01976)","(38.008022, -122.03456899999999)",0.015455
285,8055,"(38.008022, -122.03456899999999)","(38.005359999999996, -122.043709)",0.00952
286,8056,"(38.008022, -122.03456899999999)","(37.994526, -122.03376000000002)",0.013521
287,8069,"(38.005359999999996, -122.043709)","(37.998566, -122.05983)",0.017494
288,8071,"(38.078239, -122.545639)","(38.065128, -122.536331)",0.016079
289,8072,"(38.065128, -122.536331)","(38.057106, -122.53665900000001)",0.008029
290,8073,"(38.057106, -122.53665900000001)","(38.050381, -122.53883400000001)",0.007068
291,8074,"(38.050381, -122.53883400000001)","(38.038273, -122.5383)",0.01212
292,8075,"(38.038273, -122.5383)","(38.030823, -122.541283)",0.008025
293,8076,"(38.030823, -122.541283)","(38.025997, -122.541817)",0.004855
294,8077,"(38.025997, -122.541817)","(38.018909, -122.541641)",0.00709
295,8078,"(38.018909, -122.541641)","(38.00803, -122.539162)",0.011158
296,8079,"(38.00803, -122.539162)","(38.000889, -122.53671299999999)",0.007549
297,8080,"(38.000889, -122.53671299999999)","(38.000031, -122.53658300000001)",0.000868
298,8084,"(38.000031, -122.53658300000001)","(37.988609000000004, -122.534843)",0.011553
299,8091,"(38.026569, -122.724998)","(38.020846999999996, -122.71938300000001)",0.008017
300,8092,"(38.020846999999996, -122.71938300000001)","(38.019627, -122.71581299999998)",0.003773
301,8093,"(38.019627, -122.71581299999998)","(38.008152, -122.715851)",0.011475
302,8094,"(38.008152, -122.715851)","(38.007645000000004, -122.71176100000001)",0.004121
303,8095,"(38.007645000000004, -122.71176100000001)","(38.016308, -122.70255300000001)",0.012643
304,8096,"(38.016308, -122.70255300000001)","(38.018135, -122.69226100000002)",0.010453
305,8097,"(38.018135, -122.69226100000002)","(38.020191, -122.68718700000001)",0.005474
306,8098,"(38.020191, -122.68718700000001)","(38.020542, -122.67391200000002)",0.01328
307,8099,"(38.020542, -122.67391200000002)","(38.014164, -122.656952)",0.01812
308,8100,"(38.014164, -122.656952)","(38.014351, -122.62078899999999)",0.036164
309,8101,"(38.014351, -122.62078899999999)","(38.008571999999994, -122.611122)",0.011262
310,8102,"(38.008571999999994, -122.611122)","(37.998290999999995, -122.59940300000001)",0.015589
311,8103,"(37.998290999999995, -122.59940300000001)","(37.997189, -122.59581000000001)",0.003759
312,8104,"(37.997189, -122.59581000000001)","(37.994957, -122.588921)",0.007242
313,8105,"(37.998566, -122.05983)","(37.99667, -122.06873300000001)",0.009103
314,8106,"(37.99667, -122.06873300000001)","(37.998569, -122.071716)",0.003537
315,8107,"(37.99667, -122.06873300000001)","(37.993889, -122.08043700000002)",0.012029
316,8108,"(37.99667, -122.06873300000001)","(37.993942, -122.067093)",0.003183
317,8109,"(38.015667, -122.097153)","(38.003437, -122.07608799999998)",0.024358
318,8110,"(38.003437, -122.07608799999998)","(37.998569, -122.071716)",0.006543
319,8111,"(37.995258, -122.105782)","(38.001011, -122.1035)",0.006188
320,8112,"(37.995258, -122.105782)","(37.99382, -122.100159)",0.005804
321,8113,"(37.995258, -122.105782)","(37.994469, -122.11296100000001)",0.007223
322,8114,"(38.001011, -122.1035)","(38.011806, -122.10391200000001)",0.010803
323,8115,"(37.994957, -122.588921)","(37.991356, -122.577827)",0.011663
324,8116,"(37.993889, -122.08043700000002)","(37.99382, -122.100159)",0.019722
325,8141,"(37.994526, -122.03376000000002)","(37.993590999999995, -122.033829)",0.000937
326,8142,"(37.993590999999995, -122.033829)","(37.981224, -122.034691)",0.012397
327,8145,"(37.994469, -122.11296100000001)","(37.991932, -122.121651)",0.009053
328,8146,"(37.991932, -122.121651)","(37.989689, -122.12924199999999)",0.007916
329,8147,"(37.991356, -122.577827)","(37.988411, -122.56876399999999)",0.00953
330,8155,"(37.989689, -122.12924199999999)","(37.989933, -122.135597)",0.00636
331,8156,"(37.989933, -122.135597)","(37.993481, -122.15033000000001)",0.015153
332,8157,"(37.993481, -122.15033000000001)","(37.997158, -122.16159099999999)",0.011846
333,8158,"(37.997158, -122.16159099999999)","(38.007103, -122.170624)",0.013435
334,8159,"(38.007103, -122.170624)","(38.013657, -122.18438)",0.015237
335,8160,"(37.988609000000004, -122.534843)","(37.981014, -122.53368400000001)",0.007683
336,8161,"(37.988411, -122.56876399999999)","(37.987377, -122.56555900000001)",0.003367
337,8166,"(37.987377, -122.56555900000001)","(37.983845, -122.55468)",0.011439
338,8181,"(37.983845, -122.55468)","(37.981789, -122.54834699999999)",0.006658
339,8196,"(37.981789, -122.54834699999999)","(37.976814000000005, -122.53304299999999)",0.016093
340,8201,"(37.981014, -122.53368400000001)","(37.976814000000005, -122.53304299999999)",0.004249
341,8205,"(37.976814000000005, -122.53304299999999)","(37.957085, -122.505692)",0.033725
342,8206,"(37.976814000000005, -122.53304299999999)","(37.9552, -122.498703)",0.040576
343,8207,"(38.010818, -122.270699)","(38.004554999999996, -122.27809099999999)",0.00969
344,8208,"(38.004554999999996, -122.27809099999999)","(37.999825, -122.298607)",0.021054
345,8209,"(37.999825, -122.298607)","(37.996604999999995, -122.30446599999999)",0.006686
346,8210,"(37.996604999999995, -122.30446599999999)","(37.989445, -122.311218)",0.009842
347,8211,"(37.989445, -122.311218)","(37.972747999999996, -122.31701699999999)",0.017675
348,8212,"(37.972747999999996, -122.31701699999999)","(37.970482000000004, -122.317574)",0.002333
349,8232,"(37.970482000000004, -122.317574)","(37.965485, -122.31803899999998)",0.005019
350,8234,"(37.965485, -122.31803899999998)","(37.96487, -122.318123)",0.00062
351,8235,"(37.96487, -122.318123)","(37.960696999999996, -122.318611)",0.004202
352,8236,"(37.963654, -122.04924799999999)","(37.969234, -122.05513799999999)",0.008114
353,8237,"(37.963654, -122.04924799999999)","(37.961109, -122.046227)",0.00395
354,8238,"(37.969234, -122.05513799999999)","(37.980076000000004, -122.06478899999999)",0.014515
355,8239,"(37.980076000000004, -122.06478899999999)","(37.984596, -122.066231)",0.004745
356,8240,"(37.984596, -122.066231)","(37.993942, -122.067093)",0.009386
357,8241,"(37.981224, -122.034691)","(37.972435, -122.03706399999999)",0.009104
358,8242,"(37.972435, -122.03706399999999)","(37.963284, -122.043167)",0.011
359,8243,"(37.963284, -122.043167)","(37.961109, -122.046227)",0.003753
360,8244,"(37.961109, -122.046227)","(37.93919, -122.05988300000001)",0.025826
361,8245,"(37.960696999999996, -122.318611)","(37.956509000000004, -122.319107)",0.004218
362,8246,"(37.984809999999996, -121.889214)","(37.983135, -121.891144)",0.002555
363,8247,"(37.983135, -121.891144)","(37.97617, -121.90638700000001)",0.01676
364,8248,"(37.97617, -121.90638700000001)","(37.971638, -121.91133899999998)",0.006712
365,8249,"(37.971638, -121.91133899999998)","(37.965096, -121.915024)",0.007509
366,8250,"(37.965096, -121.915024)","(37.963631, -121.917526)",0.0029
367,8251,"(37.963631, -121.917526)","(37.962582, -121.92124199999999)",0.003861
368,8252,"(37.962582, -121.92124199999999)","(37.960552, -121.93271599999999)",0.011653
369,8253,"(37.960552, -121.93271599999999)","(37.960045, -121.94053600000001)",0.007837
370,8258,"(37.957085, -122.505692)","(37.956444, -122.505928)",0.000683
371,8259,"(37.956509000000004, -122.319107)","(37.954421999999994, -122.31936599999999)",0.002103
372,8260,"(37.956444, -122.505928)","(37.948116, -122.509064)",0.008898
373,8269,"(37.9552, -122.498703)","(37.954646999999994, -122.498177)",0.000764
374,8271,"(37.954772999999996, -122.324867)","(37.954861, -122.32628600000001)",0.001422
375,8272,"(37.954772999999996, -122.324867)","(37.954421999999994, -122.31936599999999)",0.005512
376,8273,"(37.954861, -122.32628600000001)","(37.945007000000004, -122.32720900000001)",0.009897
377,8274,"(37.954646999999994, -122.498177)","(37.949996999999996, -122.49391200000001)",0.00631
378,8291,"(37.948116, -122.509064)","(37.945316, -122.51010900000001)",0.002989
379,8294,"(37.949996999999996, -122.49391200000001)","(37.944645, -122.479378)",0.015488
380,8295,"(37.944645, -122.479378)","(37.944458000000004, -122.476677)",0.002707
381,8298,"(37.945316, -122.51010900000001)","(37.940086, -122.512863)",0.005911
382,8299,"(37.940086, -122.512863)","(37.93502, -122.515511)",0.005716
383,8300,"(37.938602, -122.70041699999999)","(37.941643, -122.704399)",0.00501
384,8301,"(37.938602, -122.70041699999999)","(37.930305, -122.70127099999999)",0.008341
385,8302,"(37.938602, -122.70041699999999)","(37.932128999999996, -122.68058799999999)",0.020859
386,8303,"(37.941643, -122.704399)","(37.959922999999996, -122.71671299999998)",0.022041
387,8304,"(37.959922999999996, -122.71671299999998)","(37.972286, -122.727722)",0.016555
388,8317,"(37.93845, -122.410622)","(37.937634, -122.40696000000001)",0.003752
389,8318,"(37.937634, -122.40696000000001)","(37.936363, -122.396927)",0.010113
390,8321,"(37.936363, -122.396927)","(37.934799, -122.384628)",0.012398
391,8336,"(37.945007000000004, -122.32720900000001)","(37.930496000000005, -122.32383700000001)",0.014898
392,8337,"(37.930496000000005, -122.32383700000001)","(37.91206, -122.316071)",0.020006
393,8338,"(37.91206, -122.316071)","(37.921864, -122.334084)",0.020508
394,8339,"(37.91206, -122.316071)","(37.889023, -122.30583200000001)",0.02521
395,8340,"(37.934799, -122.384628)","(37.928829, -122.35273000000001)",0.032452
396,8341,"(37.928829, -122.35273000000001)","(37.921864, -122.334084)",0.019905
397,8342,"(37.930305, -122.70127099999999)","(37.906494, -122.689453)",0.026583
398,8343,"(37.906494, -122.689453)","(37.902458, -122.697823)",0.009292
399,8346,"(37.895912, -122.072243)","(37.90625, -122.06974)",0.010636
400,8347,"(37.895912, -122.072243)","(37.893761, -122.058777)",0.013637
401,8348,"(37.895912, -122.072243)","(37.896999, -122.07907900000001)",0.006922
402,8349,"(37.90625, -122.06974)","(37.923297999999996, -122.068932)",0.017067
403,8350,"(37.923297999999996, -122.068932)","(37.93919, -122.05988300000001)",0.018287
404,8364,"(37.893761, -122.058777)","(37.893562, -122.05828100000001)",0.000534
405,8365,"(37.893562, -122.05828100000001)","(37.883137, -122.063927)",0.011856
406,8366,"(37.893562, -122.05828100000001)","(37.886897999999995, -122.041634)",0.017932
407,8406,"(37.93502, -122.515511)","(37.929737, -122.51602199999999)",0.005308
408,8407,"(37.929737, -122.51602199999999)","(37.926552, -122.515518)",0.003225
409,8408,"(37.926552, -122.515518)","(37.922302, -122.51320600000001)",0.004838
410,8409,"(37.922302, -122.51320600000001)","(37.912071000000005, -122.51165)",0.010349
411,8410,"(37.912071000000005, -122.51165)","(37.892296, -122.51380900000001)",0.019893
412,8411,"(37.892296, -122.51380900000001)","(37.887589, -122.51377099999999)",0.004707
413,8412,"(37.884342, -122.134666)","(37.887928, -122.126427)",0.008986
414,8413,"(37.884342, -122.134666)","(37.883183, -122.137321)",0.002897
415,8414,"(37.887928, -122.126427)","(37.892494, -122.11871299999999)",0.008964
416,8415,"(37.892494, -122.11871299999999)","(37.896797, -122.10749799999999)",0.012012
417,8416,"(37.896797, -122.10749799999999)","(37.896999, -122.07907900000001)",0.02842
418,8417,"(37.883526, -122.14589699999999)","(37.88327, -122.143997)",0.001917
419,8418,"(37.883526, -122.14589699999999)","(37.884888000000004, -122.15603600000001)",0.010231
420,8419,"(37.88327, -122.143997)","(37.883183, -122.137321)",0.006676
421,8420,"(37.877125, -122.545181)","(37.876495, -122.54443400000001)",0.000977
422,8421,"(37.877125, -122.545181)","(37.88195, -122.551033)",0.007585
423,8422,"(37.873001, -122.183746)","(37.881485, -122.175751)",0.011658
424,8423,"(37.873001, -122.183746)","(37.871390999999996, -122.18298300000001)",0.001781
425,8424,"(37.873001, -122.183746)","(37.867348, -122.20371200000001)",0.020751
426,8425,"(37.881485, -122.175751)","(37.888226, -122.170273)",0.008686
427,8426,"(37.888226, -122.170273)","(37.884888000000004, -122.15603600000001)",0.014623
428,8427,"(37.871390999999996, -122.18298300000001)","(37.860012, -122.17759699999999)",0.01259
429,8428,"(37.869732, -122.07951399999999)","(37.87141, -122.076523)",0.00343
430,8429,"(37.869732, -122.07951399999999)","(37.866524, -122.08521299999998)",0.00654
431,8430,"(37.87141, -122.076523)","(37.873512, -122.071777)",0.00519
432,8431,"(37.873512, -122.071777)","(37.883137, -122.063927)",0.01242
433,8432,"(37.866524, -122.08521299999998)","(37.86504, -122.087852)",0.003028
434,8455,"(37.932128999999996, -122.68058799999999)","(37.916256, -122.66037)",0.025704
435,8456,"(37.916256, -122.66037)","(37.906445, -122.643204)",0.019772
436,8457,"(37.906445, -122.643204)","(37.90292, -122.639771)",0.00492
437,8458,"(37.90292, -122.639771)","(37.898354, -122.63395700000001)",0.007392
438,8459,"(37.898354, -122.63395700000001)","(37.891193, -122.629677)",0.008342
439,8460,"(37.891193, -122.629677)","(37.882465, -122.619247)",0.0136
440,8461,"(37.882465, -122.619247)","(37.880268, -122.606377)",0.013057
441,8462,"(37.880268, -122.606377)","(37.880871, -122.59776299999999)",0.008635
442,8463,"(37.880871, -122.59776299999999)","(37.872879, -122.59142299999999)",0.010201
443,8464,"(37.872879, -122.59142299999999)","(37.862991, -122.581177)",0.014239
444,8465,"(37.862991, -122.581177)","(37.867317, -122.576576)",0.006315
445,8466,"(37.867317, -122.576576)","(37.866493, -122.56900800000001)",0.007613
446,8467,"(37.866493, -122.56900800000001)","(37.86874, -122.56482700000001)",0.004746
447,8468,"(37.86874, -122.56482700000001)","(37.877148, -122.561378)",0.009087
448,8469,"(37.877148, -122.561378)","(37.881599, -122.553886)",0.008715
449,8470,"(37.881599, -122.553886)","(37.88195, -122.551033)",0.002875
450,8471,"(37.860012, -122.17759699999999)","(37.859257, -122.17368300000001)",0.003986
451,8472,"(37.859257, -122.17368300000001)","(37.858585, -122.17021899999999)",0.003528
452,8473,"(37.858585, -122.17021899999999)","(37.85738, -122.16693899999999)",0.003495
453,8474,"(37.85738, -122.16693899999999)","(37.854946000000005, -122.160812)",0.006592
454,8475,"(37.857323, -122.09465)","(37.86504, -122.087852)",0.010284
455,8476,"(37.857323, -122.09465)","(37.856724, -122.095177)",0.000797
456,8477,"(37.856724, -122.095177)","(37.848929999999996, -122.10283700000001)",0.010928
457,8478,"(37.854946000000005, -122.160812)","(37.852886, -122.155647)",0.005561
458,8479,"(37.867348, -122.20371200000001)","(37.862045, -122.209152)",0.007596
459,8480,"(37.862045, -122.209152)","(37.854084, -122.209251)",0.007962
460,8481,"(37.854084, -122.209251)","(37.853767, -122.21051000000001)",0.001298
461,8482,"(37.853767, -122.21051000000001)","(37.852013, -122.21748400000001)",0.007191
462,8483,"(37.852886, -122.155647)","(37.846687, -122.149948)",0.008421
463,8484,"(37.848929999999996, -122.10283700000001)","(37.848521999999996, -122.10327099999999)",0.000596
464,8485,"(37.848789000000004, -122.228844)","(37.851074, -122.22622700000001)",0.003474
465,8486,"(37.848789000000004, -122.228844)","(37.846740999999994, -122.23082)",0.002846
466,8487,"(37.851074, -122.22622700000001)","(37.852013, -122.21748400000001)",0.008794
467,8488,"(37.848521999999996, -122.10327099999999)","(37.842457, -122.109627)",0.008785
468,8489,"(37.846740999999994, -122.23082)","(37.844463, -122.23303200000001)",0.003175
469,8490,"(37.846687, -122.149948)","(37.844666, -122.14808700000002)",0.002748
470,8491,"(37.844666, -122.14808700000002)","(37.840244, -122.143478)",0.006386
471,8492,"(37.840244, -122.143478)","(37.838592999999996, -122.141747)",0.002393
472,8498,"(37.838592999999996, -122.141747)","(37.836956, -122.136017)",0.005959
473,8499,"(37.836956, -122.136017)","(37.834942, -122.12896)",0.007339
474,8500,"(37.834942, -122.12896)","(37.834022999999995, -122.120773)",0.008238
475,8501,"(37.834022999999995, -122.120773)","(37.842457, -122.109627)",0.013978
476,8502,"(37.889023, -122.30583200000001)","(37.850231, -122.292999)",0.040859
477,8503,"(37.850231, -122.292999)","(37.829762, -122.281281)",0.023587
478,8504,"(37.829762, -122.281281)","(37.826134, -122.279381)",0.004095
479,8505,"(37.826134, -122.279381)","(37.828922, -122.29598999999999)",0.016842
480,8506,"(37.826134, -122.279381)","(37.826008, -122.278618)",0.000773
481,8507,"(37.826134, -122.279381)","(37.81303, -122.272507)",0.014797
482,8508,"(37.824413, -122.316254)","(37.825901, -122.312531)",0.004009
483,8509,"(37.824413, -122.316254)","(37.820736, -122.325272)",0.009739
484,8510,"(37.825901, -122.312531)","(37.828922, -122.29598999999999)",0.016814
485,8511,"(37.821404, -122.260551)","(37.829727, -122.25778999999999)",0.00877
486,8512,"(37.821404, -122.260551)","(37.826008, -122.278618)",0.018644
487,8513,"(37.821404, -122.260551)","(37.820126, -122.260979)",0.001347
488,8514,"(37.821404, -122.260551)","(37.820938, -122.258743)",0.001867
489,8515,"(37.829727, -122.25778999999999)","(37.834022999999995, -122.25498999999999)",0.005127
490,8516,"(37.834022999999995, -122.25498999999999)","(37.839366999999996, -122.24185200000001)",0.014183
491,8517,"(37.839366999999996, -122.24185200000001)","(37.844463, -122.23303200000001)",0.010186
492,8573,"(37.808147, -122.26683)","(37.820126, -122.260979)",0.013331
493,8574,"(37.808147, -122.26683)","(37.81303, -122.272507)",0.007487
494,8575,"(37.808147, -122.26683)","(37.800315999999995, -122.257729)",0.012007
495,8581,"(37.809498, -122.472481)","(37.802116, -122.468971)",0.008173
496,8582,"(37.802116, -122.468971)","(37.799664, -122.464561)",0.005046
497,8583,"(37.799664, -122.464561)","(37.793568, -122.46388999999999)",0.006133
498,8598,"(37.886897999999995, -122.041634)","(37.870987, -122.026016)",0.022295
499,8599,"(37.870987, -122.026016)","(37.852534999999996, -122.014839)",0.021573
500,8600,"(37.852534999999996, -122.014839)","(37.834998999999996, -122.003731)",0.020758
501,8601,"(37.834998999999996, -122.003731)","(37.818721999999994, -121.998833)",0.016998
502,8602,"(37.818721999999994, -121.998833)","(37.808788, -121.995644)",0.010433
503,8603,"(37.808788, -121.995644)","(37.796428999999996, -121.99485800000001)",0.012385
504,8604,"(37.796428999999996, -121.99485800000001)","(37.786404, -121.989319)",0.011453
505,8605,"(37.794964, -122.45210300000001)","(37.795691999999995, -122.44593799999998)",0.006207
506,8606,"(37.794964, -122.45210300000001)","(37.794075, -122.45958700000001)",0.007537
507,8607,"(37.795691999999995, -122.44593799999998)","(37.796028, -122.44310800000001)",0.00285
508,8608,"(37.794075, -122.45958700000001)","(37.793568, -122.46388999999999)",0.004333
509,8609,"(37.793568, -122.46388999999999)","(37.786213000000004, -122.463081)",0.007399
510,8610,"(37.791428, -122.3853)","(37.790779, -122.38609299999999)",0.001025
511,8611,"(37.790779, -122.38609299999999)","(37.778801, -122.395721)",0.015368
512,8612,"(37.786213000000004, -122.463081)","(37.784981, -122.46293600000001)",0.001241
513,8636,"(37.784981, -122.46293600000001)","(37.785698, -122.485909)",0.022983
514,8637,"(37.784981, -122.46293600000001)","(37.780148, -122.463074)",0.004835
515,8638,"(37.784721000000005, -122.49485800000001)","(37.785698, -122.485909)",0.009002
516,8639,"(37.784721000000005, -122.49485800000001)","(37.784046000000004, -122.50106000000001)",0.006239
517,8640,"(37.784046000000004, -122.50106000000001)","(37.783695, -122.50425700000001)",0.003216
518,8664,"(37.768906, -122.46283000000001)","(37.769596, -122.46266899999999)",0.000709
519,8665,"(37.768906, -122.46283000000001)","(37.763763, -122.46404299999999)",0.005283
520,8666,"(37.769596, -122.46266899999999)","(37.780148, -122.463074)",0.010559
521,8667,"(37.767204, -122.503479)","(37.771316999999996, -122.503677)",0.004117
522,8668,"(37.767204, -122.503479)","(37.764587, -122.50335700000001)",0.00262
523,8669,"(37.771316999999996, -122.503677)","(37.783695, -122.50425700000001)",0.012392
524,8674,"(37.764587, -122.50335700000001)","(37.761395, -122.503197)",0.003197
525,8676,"(37.763763, -122.46404299999999)","(37.756316999999996, -122.465767)",0.007643
526,8677,"(37.76292, -122.400047)","(37.771460999999995, -122.399391)",0.008566
527,8678,"(37.76292, -122.400047)","(37.765938, -122.41133899999998)",0.011688
528,8679,"(37.76292, -122.400047)","(37.749901, -122.40261100000001)",0.01327
529,8680,"(37.771460999999995, -122.399391)","(37.778801, -122.395721)",0.008206
530,8681,"(37.796028, -122.44310800000001)","(37.795185, -122.42215700000001)",0.020967
531,8682,"(37.795185, -122.42215700000001)","(37.79184, -122.412582)",0.010143
532,8683,"(37.79184, -122.412582)","(37.781566999999995, -122.41133899999998)",0.010348
533,8684,"(37.781566999999995, -122.41133899999998)","(37.771145000000004, -122.41268899999999)",0.010509
534,8685,"(37.771145000000004, -122.41268899999999)","(37.765938, -122.41133899999998)",0.005379
535,8686,"(37.820938, -122.258743)","(37.807407, -122.238091)",0.02469
536,8687,"(37.807407, -122.238091)","(37.796734, -122.223793)",0.017842
537,8688,"(37.796734, -122.223793)","(37.792046, -122.217293)",0.008015
538,8689,"(37.792046, -122.217293)","(37.791183000000004, -122.20416999999999)",0.013151
539,8690,"(37.791183000000004, -122.20416999999999)","(37.791264, -122.19055900000001)",0.013611
540,8691,"(37.791264, -122.19055900000001)","(37.778931, -122.168877)",0.024945
541,8692,"(37.778931, -122.168877)","(37.770061, -122.159103)",0.013198
542,8693,"(37.770061, -122.159103)","(37.763687, -122.1539)",0.008228
543,8694,"(37.763687, -122.1539)","(37.762817, -122.15386200000002)",0.000871
544,8695,"(37.762817, -122.15386200000002)","(37.755482, -122.153526)",0.007343
545,8696,"(37.761395, -122.503197)","(37.752064000000004, -122.502747)",0.009342
546,8700,"(37.800315999999995, -122.257729)","(37.792519, -122.24137900000001)",0.018114
547,8701,"(37.792519, -122.24137900000001)","(37.783161, -122.224007)",0.019732
548,8702,"(37.783161, -122.224007)","(37.778835, -122.21523300000001)",0.009782
549,8703,"(37.778835, -122.21523300000001)","(37.758293, -122.20873999999999)",0.021544
550,8704,"(37.758293, -122.20873999999999)","(37.75523, -122.207153)",0.00345
551,8705,"(37.75523, -122.207153)","(37.737976, -122.198219)",0.01943
552,8779,"(37.755482, -122.153526)","(37.751598, -122.153351)",0.003887
553,8780,"(37.751598, -122.153351)","(37.750393, -122.15328999999998)",0.001207
554,8829,"(37.732658, -122.501778)","(37.752064000000004, -122.502747)",0.01943
555,8830,"(37.732658, -122.501778)","(37.720951, -122.50048100000001)",0.011779
556,8831,"(37.737976, -122.198219)","(37.729656, -122.191277)",0.010836
557,8832,"(37.729656, -122.191277)","(37.724373, -122.18686699999999)",0.006882
558,8833,"(37.749901, -122.40261100000001)","(37.735077000000004, -122.400658)",0.014952
559,8834,"(37.735077000000004, -122.400658)","(37.727768, -122.40138999999999)",0.007346
560,8835,"(37.727768, -122.40138999999999)","(37.726059, -122.401573)",0.001719
561,8836,"(37.727768, -122.40138999999999)","(37.723209000000004, -122.40708899999998)",0.007298
562,8849,"(37.786404, -121.989319)","(37.769871, -121.978783)",0.019605
563,8850,"(37.769871, -121.978783)","(37.756336, -121.96756)",0.017582
564,8851,"(37.756336, -121.96756)","(37.729393, -121.948959)",0.03274
565,8852,"(37.729393, -121.948959)","(37.716778000000005, -121.94473300000001)",0.013304
566,8853,"(37.716778000000005, -121.94473300000001)","(37.714667999999996, -121.943123)",0.002654
567,8868,"(37.714667999999996, -121.943123)","(37.710636, -121.940071)",0.005057
568,8869,"(37.750393, -122.15328999999998)","(37.737232, -122.150383)",0.013478
569,8870,"(37.737232, -122.150383)","(37.72258, -122.14125800000001)",0.017261
570,8871,"(37.72258, -122.14125800000001)","(37.718311, -122.131317)",0.010819
571,8872,"(37.718311, -122.131317)","(37.711868, -122.120506)",0.012585
572,8873,"(37.711868, -122.120506)","(37.70697, -122.11228200000001)",0.009573
573,8874,"(37.726059, -122.401573)","(37.710648, -122.4002)",0.015472
574,8875,"(37.710648, -122.4002)","(37.69149, -122.39996299999999)",0.019159
575,8876,"(37.710636, -121.940071)","(37.707062, -121.93736299999999)",0.004485
576,8888,"(37.707062, -121.93736299999999)","(37.707058, -121.940918)",0.003555
577,8889,"(37.707062, -121.93736299999999)","(37.707069, -121.928421)",0.008942
578,8890,"(37.707062, -121.93736299999999)","(37.705189000000004, -121.93654599999999)",0.002043
579,8891,"(37.707058, -121.940918)","(37.698288, -121.966476)",0.027021
580,8892,"(37.70697, -122.11228200000001)","(37.704659, -122.108414)",0.004506
581,8898,"(37.817257, -121.96927600000001)","(37.811974, -121.95741299999999)",0.012987
582,8899,"(37.811974, -121.95741299999999)","(37.802944000000004, -121.94126899999999)",0.018497
583,8900,"(37.802944000000004, -121.94126899999999)","(37.798218, -121.92048600000001)",0.021313
584,8901,"(37.798218, -121.92048600000001)","(37.796871, -121.907417)",0.013138
585,8902,"(37.796871, -121.907417)","(37.800453000000005, -121.897552)",0.010495
586,8918,"(37.723209000000004, -122.40708899999998)","(37.721396999999996, -122.414452)",0.007582
587,8919,"(37.721396999999996, -122.414452)","(37.723721000000005, -122.42191299999999)",0.007815
588,8920,"(37.723721000000005, -122.42191299999999)","(37.724346000000004, -122.430939)",0.009047
589,8921,"(37.724346000000004, -122.430939)","(37.718418, -122.43791999999999)",0.009158
590,8922,"(37.718418, -122.43791999999999)","(37.710976, -122.44331399999999)",0.009192
591,8923,"(37.710976, -122.44331399999999)","(37.704605, -122.45069099999999)",0.009747
592,8924,"(37.704605, -122.45069099999999)","(37.703579, -122.451881)",0.001571
593,8925,"(37.707069, -121.928421)","(37.704674, -121.91271200000001)",0.015891
594,8926,"(37.704674, -121.91271200000001)","(37.704291999999995, -121.900726)",0.011992
595,8927,"(37.704291999999995, -121.900726)","(37.704109, -121.894981)",0.005748
596,8934,"(37.703579, -122.451881)","(37.700283, -122.45768000000001)",0.00667
597,8935,"(37.700283, -122.45768000000001)","(37.700184, -122.458549)",0.000875
598,8936,"(37.700184, -122.458549)","(37.715576, -122.46283700000001)",0.015978
599,8937,"(37.700184, -122.458549)","(37.699721999999994, -122.464699)",0.006167
600,8938,"(37.715576, -122.46283700000001)","(37.731689, -122.46637)",0.016496
601,8939,"(37.731689, -122.46637)","(37.745876, -122.46740700000001)",0.014225
602,8940,"(37.745876, -122.46740700000001)","(37.756316999999996, -122.465767)",0.010569
603,8941,"(37.699721999999994, -122.464699)","(37.699177, -122.472023)",0.007345
604,8942,"(37.699721999999994, -122.464699)","(37.687027, -122.46861299999999)",0.013285
605,8943,"(37.699177, -122.472023)","(37.699116, -122.484756)",0.012734
606,8944,"(37.699116, -122.484756)","(37.698196, -122.492798)",0.008094
607,8945,"(37.698196, -122.492798)","(37.698048, -122.494102)",0.001313
608,8946,"(37.698048, -122.494102)","(37.720951, -122.50048100000001)",0.023775
609,8947,"(37.698048, -122.494102)","(37.697182, -122.493202)",0.001249
610,8948,"(37.705189000000004, -121.93654599999999)","(37.697567, -121.93656200000001)",0.007622
611,8949,"(37.697567, -121.93656200000001)","(37.684277, -121.93047299999999)",0.014619
612,8950,"(37.698288, -121.966476)","(37.697449, -121.97651699999999)",0.010075
613,8951,"(37.697449, -121.97651699999999)","(37.699165, -121.98555800000001)",0.009202
614,8952,"(37.699165, -121.98555800000001)","(37.705399, -122.00266299999998)",0.018205
615,8953,"(37.705399, -122.00266299999998)","(37.705631, -122.02053799999999)",0.017877
616,8954,"(37.705631, -122.02053799999999)","(37.702805, -122.02842700000001)",0.00838
617,8955,"(37.702805, -122.02842700000001)","(37.701159999999994, -122.04128999999999)",0.012968
618,8956,"(37.701159999999994, -122.04128999999999)","(37.697552, -122.051971)",0.011274
619,8957,"(37.697552, -122.051971)","(37.695705, -122.10186000000002)",0.049923
620,8958,"(37.697182, -122.493202)","(37.687366, -122.48301699999999)",0.014145
621,8959,"(37.695705, -122.10186000000002)","(37.704659, -122.108414)",0.011095
622,8960,"(37.695705, -122.10186000000002)","(37.693401, -122.10016599999999)",0.00286
623,8969,"(37.687366, -122.48301699999999)","(37.68626, -122.483177)",0.001118
624,8970,"(37.687027, -122.46861299999999)","(37.684021, -122.467049)",0.003389
625,8971,"(37.68626, -122.483177)","(37.673771, -122.485077)",0.012633
626,8972,"(37.684021, -122.467049)","(37.679325, -122.4646)",0.005296
627,8994,"(37.69149, -122.39996299999999)","(37.68676, -122.397392)",0.005384
628,8995,"(37.68676, -122.397392)","(37.682411, -122.397148)",0.004356
629,8996,"(37.682411, -122.397148)","(37.677528, -122.398903)",0.005189
630,8997,"(37.677528, -122.398903)","(37.676579, -122.39983400000001)",0.00133
631,8998,"(37.676579, -122.39983400000001)","(37.671345, -122.404068)",0.006732
632,8999,"(37.693401, -122.10016599999999)","(37.684321999999995, -122.08577)",0.01702
633,9000,"(37.684321999999995, -122.08577)","(37.675175, -122.07701100000001)",0.012665
634,9001,"(37.675175, -122.07701100000001)","(37.671013, -122.073021)",0.005766
635,9002,"(37.675175, -122.07701100000001)","(37.655398999999996, -122.08524299999999)",0.02142
636,9003,"(37.671345, -122.404068)","(37.669773, -122.404831)",0.001747
637,9004,"(37.669773, -122.404831)","(37.667336, -122.40601299999999)",0.002709
638,9019,"(37.671013, -122.073021)","(37.666, -122.069893)",0.005908
639,9020,"(37.666, -122.069893)","(37.652138, -122.06123400000001)",0.016345
640,9027,"(37.684277, -121.93047299999999)","(37.67408, -121.920914)",0.013977
641,9028,"(37.67408, -121.920914)","(37.666695000000004, -121.909798)",0.013346
642,9029,"(37.679325, -122.4646)","(37.669834, -122.46058700000002)",0.010305
643,9030,"(37.669834, -122.46058700000002)","(37.66428, -122.45536799999999)",0.007621
644,9031,"(37.66428, -122.45536799999999)","(37.647354, -122.444649)",0.020035
645,9032,"(37.647354, -122.444649)","(37.646526, -122.44413)",0.000977
646,9033,"(37.646526, -122.44413)","(37.627712, -122.432404)",0.022169
647,9034,"(37.645503999999995, -122.091057)","(37.655398999999996, -122.08524299999999)",0.011477
648,9035,"(37.645503999999995, -122.091057)","(37.650379, -122.09693899999999)",0.00764
649,9036,"(37.645503999999995, -122.091057)","(37.644707000000004, -122.091522)",0.000923
650,9037,"(37.645503999999995, -122.091057)","(37.642628, -122.087593)",0.004502
651,9038,"(37.724373, -122.18686699999999)","(37.710471999999996, -122.16854099999999)",0.023001
652,9039,"(37.710471999999996, -122.16854099999999)","(37.696239, -122.14788100000001)",0.025088
653,9040,"(37.696239, -122.14788100000001)","(37.684532, -122.12716699999999)",0.023793
654,9041,"(37.684532, -122.12716699999999)","(37.67783, -122.11556999999999)",0.013394
655,9042,"(37.67783, -122.11556999999999)","(37.675297, -122.11158799999998)",0.00472
656,9043,"(37.675297, -122.11158799999998)","(37.661556, -122.102562)",0.01644
657,9044,"(37.661556, -122.102562)","(37.650379, -122.09693899999999)",0.012512
658,9048,"(37.643574, -122.48251299999998)","(37.673771, -122.485077)",0.030306
659,9049,"(37.643574, -122.48251299999998)","(37.642540000000004, -122.482491)",0.001034
660,9059,"(37.642540000000004, -122.482491)","(37.631207, -122.48224599999999)",0.011336
661,9064,"(37.652138, -122.06123400000001)","(37.641617, -122.051308)",0.014464
662,9065,"(37.641617, -122.051308)","(37.640347, -122.047531)",0.003984
663,9190,"(37.632469, -122.113647)","(37.637264, -122.097229)",0.017104
664,9191,"(37.632469, -122.113647)","(37.631958000000004, -122.11501299999999)",0.001458
665,9192,"(37.637264, -122.097229)","(37.644707000000004, -122.091522)",0.009379
666,9193,"(37.631958000000004, -122.11501299999999)","(37.625071999999996, -122.13320900000001)",0.019455
667,9194,"(37.631207, -122.48224599999999)","(37.622025, -122.48127)",0.009234
668,9195,"(37.629387, -122.034523)","(37.640347, -122.047531)",0.01701
669,9196,"(37.629387, -122.034523)","(37.628952000000005, -122.033997)",0.000683
670,9197,"(37.628952000000005, -122.033997)","(37.627483000000005, -122.033051)",0.001747
671,9198,"(37.627712, -122.432404)","(37.623661, -122.42923700000001)",0.005142
672,9199,"(37.627483000000005, -122.033051)","(37.614917999999996, -122.023849)",0.015574
673,9200,"(37.642628, -122.087593)","(37.625347, -122.07343300000001)",0.022341
674,9201,"(37.625347, -122.07343300000001)","(37.624268, -122.072617)",0.001353
675,9202,"(37.624268, -122.072617)","(37.59903, -122.05396299999998)",0.031384
676,9204,"(37.623661, -122.42923700000001)","(37.612736, -122.420723)",0.013851
677,9205,"(37.625071999999996, -122.13320900000001)","(37.622524, -122.145416)",0.01247
678,9206,"(37.622524, -122.145416)","(37.621418, -122.14901699999999)",0.003767
679,9208,"(37.622025, -122.48127)","(37.610003999999996, -122.48571799999999)",0.012817
680,9209,"(37.610003999999996, -122.48571799999999)","(37.603188, -122.489571)",0.00783
681,9211,"(37.612736, -122.420723)","(37.60804, -122.416321)",0.006437
682,9212,"(37.60804, -122.416321)","(37.584846, -122.394623)",0.031761
683,9213,"(37.614917999999996, -122.023849)","(37.605534000000006, -122.01531200000001)",0.012687
684,9214,"(37.605534000000006, -122.01531200000001)","(37.601406, -122.011551)",0.005584
685,9222,"(37.601406, -122.011551)","(37.595859999999995, -122.0065)",0.007502
686,9223,"(37.667336, -122.40601299999999)","(37.651894, -122.40612)",0.015442
687,9224,"(37.651894, -122.40612)","(37.639713, -122.402603)",0.012678
688,9225,"(37.639713, -122.402603)","(37.625549, -122.397636)",0.01501
689,9226,"(37.625549, -122.397636)","(37.613167, -122.387627)",0.015922
690,9227,"(37.613167, -122.387627)","(37.599922, -122.374969)",0.01832
691,9228,"(37.599922, -122.374969)","(37.592678, -122.36556999999999)",0.011867
692,9231,"(37.595859999999995, -122.0065)","(37.586857, -121.994377)",0.0151
693,9232,"(37.592678, -122.36556999999999)","(37.592273999999996, -122.365044)",0.000664
694,9233,"(37.592273999999996, -122.365044)","(37.580296000000004, -122.349503)",0.019621
695,9245,"(37.584846, -122.394623)","(37.581016999999996, -122.391029)",0.005252
696,9246,"(37.581016999999996, -122.391029)","(37.578967999999996, -122.38910700000001)",0.002809
697,9247,"(37.580296000000004, -122.349503)","(37.57962, -122.334869)",0.014649
698,9248,"(37.580296000000004, -122.349503)","(37.560276, -122.33944699999999)",0.022403
699,9249,"(37.586857, -121.994377)","(37.578323, -121.977448)",0.018959
700,9250,"(37.578323, -121.977448)","(37.57708, -121.97551000000001)",0.002303
701,9251,"(37.57708, -121.97551000000001)","(37.569183, -121.965553)",0.012708
702,9252,"(37.578967999999996, -122.38910700000001)","(37.575161, -122.386703)",0.004502
703,9253,"(37.575161, -122.386703)","(37.567062, -122.38155400000001)",0.009597
704,9254,"(37.575092, -121.954453)","(37.577599, -121.95039399999999)",0.00477
705,9255,"(37.575092, -121.954453)","(37.568951, -121.964417)",0.011705
706,9256,"(37.577599, -121.95039399999999)","(37.581547, -121.932823)",0.018009
707,9257,"(37.581547, -121.932823)","(37.583679, -121.91478700000002)",0.018162
708,9258,"(37.583679, -121.91478700000002)","(37.586040000000004, -121.90516699999999)",0.009906
709,9280,"(37.571892, -122.264214)","(37.568996000000006, -122.26714299999999)",0.004119
710,9281,"(37.568996000000006, -122.26714299999999)","(37.568626, -122.26748700000002)",0.000505
711,9282,"(37.568951, -121.964417)","(37.569183, -121.965553)",0.00116
712,9283,"(37.568951, -121.964417)","(37.556721, -121.94963100000001)",0.019188
713,9284,"(37.568626, -122.26748700000002)","(37.563454, -122.27243)",0.007155
714,9285,"(37.567062, -122.38155400000001)","(37.56345, -122.37924199999999)",0.004289
715,9286,"(37.563778000000006, -122.029587)","(37.580845000000004, -122.041496)",0.020811
716,9287,"(37.563778000000006, -122.029587)","(37.553196, -122.022217)",0.012896
717,9288,"(37.580845000000004, -122.041496)","(37.59903, -122.05396299999998)",0.022048
718,9289,"(37.56345, -122.37924199999999)","(37.554615000000005, -122.37359599999999)",0.010485
719,9290,"(37.556721, -121.94963100000001)","(37.554474, -121.94690700000001)",0.003531
720,9291,"(37.55529, -122.29531100000001)","(37.558155, -122.28466)",0.011029
721,9292,"(37.55529, -122.29531100000001)","(37.565979, -122.30444299999999)",0.014059
722,9293,"(37.55529, -122.29531100000001)","(37.554062, -122.299889)",0.00474
723,9294,"(37.55529, -122.29531100000001)","(37.547798, -122.288918)",0.009849
724,9295,"(37.558155, -122.28466)","(37.563454, -122.27243)",0.013328
725,9296,"(37.57962, -122.334869)","(37.574005, -122.316727)",0.018992
726,9297,"(37.574005, -122.316727)","(37.565979, -122.30444299999999)",0.014673
727,9298,"(37.553196, -122.022217)","(37.538319, -122.01748700000002)",0.015611
728,9299,"(37.553196, -122.022217)","(37.539158, -121.997597)",0.028341
729,9300,"(37.560276, -122.33944699999999)","(37.552997999999995, -122.33486200000002)",0.008602
730,9301,"(37.552997999999995, -122.33486200000002)","(37.550896, -122.333527)",0.00249
731,9302,"(37.550896, -122.333527)","(37.545165999999995, -122.32991799999999)",0.006771
732,9303,"(37.554474, -121.94690700000001)","(37.550568, -121.941383)",0.006765
733,9304,"(37.550568, -121.941383)","(37.543339, -121.931152)",0.012527
734,9305,"(37.550568, -121.941383)","(37.542545000000004, -121.948509)",0.01073
735,9306,"(37.554615000000005, -122.37359599999999)","(37.546555, -122.366577)",0.010688
736,9307,"(37.546555, -122.366577)","(37.545975, -122.36608100000001)",0.000763
737,9308,"(37.545975, -122.36608100000001)","(37.545497999999995, -122.365753)",0.000579
738,9309,"(37.545497999999995, -122.365753)","(37.511528000000006, -122.34243799999999)",0.041201
739,9310,"(37.545165999999995, -122.32991799999999)","(37.534256, -122.32186100000001)",0.013562
740,9311,"(37.544643, -122.310043)","(37.547127, -122.308502)",0.002923
741,9312,"(37.544643, -122.310043)","(37.540165, -122.312721)",0.005218
742,9313,"(37.547127, -122.308502)","(37.554062, -122.299889)",0.011058
743,9314,"(37.543339, -121.931152)","(37.539944, -121.926353)",0.005878
744,9321,"(37.566097, -121.894127)","(37.552029, -121.90823400000001)",0.019923
745,9322,"(37.552029, -121.90823400000001)","(37.541096, -121.91523000000001)",0.01298
746,9323,"(37.541096, -121.91523000000001)","(37.534321000000006, -121.918777)",0.007648
747,9324,"(37.540165, -122.312721)","(37.538879, -122.31471299999998)",0.00237
748,9325,"(37.539944, -121.926353)","(37.537479, -121.922859)",0.004276
749,9326,"(37.542545000000004, -121.948509)","(37.538933, -121.94888300000001)",0.003632
750,9327,"(37.538933, -121.94888300000001)","(37.533302, -121.949448)",0.005659
751,9328,"(37.538879, -122.31471299999998)","(37.534256, -122.32186100000001)",0.008514
752,9329,"(37.538319, -122.01748700000002)","(37.535526000000004, -122.016602)",0.002929
753,9330,"(37.535526000000004, -122.016602)","(37.515587, -121.98024)",0.04147
754,9331,"(37.534321000000006, -121.918777)","(37.532084999999995, -121.919937)",0.002518
755,9332,"(37.534256, -122.32186100000001)","(37.531101, -122.327347)",0.006328
756,9333,"(37.534256, -122.32186100000001)","(37.519852, -122.30716699999999)",0.020577
757,9334,"(37.537479, -121.922859)","(37.533749, -121.92085300000001)",0.004236
758,9335,"(37.533749, -121.92085300000001)","(37.532084999999995, -121.919937)",0.001899
759,9336,"(37.532084999999995, -121.919937)","(37.526924, -121.91945600000001)",0.005184
760,9348,"(37.525826, -122.329323)","(37.531101, -122.327347)",0.005634
761,9349,"(37.525826, -122.329323)","(37.523663, -122.33011599999999)",0.002304
762,9350,"(37.533302, -121.949448)","(37.524136, -121.944847)",0.010256
763,9351,"(37.524136, -121.944847)","(37.519905, -121.942741)",0.004726
764,9352,"(37.519905, -121.942741)","(37.507397, -121.93457)",0.014941
765,9353,"(37.547798, -122.288918)","(37.531357, -122.27500900000001)",0.021535
766,9354,"(37.531357, -122.27500900000001)","(37.519115, -122.264076)",0.016413
767,9355,"(37.519115, -122.264076)","(37.514927, -122.258743)",0.006781
768,9356,"(37.514927, -122.258743)","(37.501335, -122.24140200000001)",0.022033
769,9357,"(37.519852, -122.30716699999999)","(37.513058, -122.300423)",0.009573
770,9358,"(37.513058, -122.300423)","(37.510193, -122.29756200000001)",0.004049
771,9359,"(37.511528000000006, -122.34243799999999)","(37.507278, -122.339317)",0.005272
772,9361,"(37.539158, -121.997597)","(37.526993, -121.980659)",0.020853
773,9362,"(37.526993, -121.980659)","(37.510345, -121.954102)",0.031344
774,9363,"(37.510345, -121.954102)","(37.50906, -121.95268999999999)",0.001909
775,9366,"(37.507938, -121.966881)","(37.515587, -121.98024)",0.015394
776,9367,"(37.507938, -121.966881)","(37.506771, -121.964844)",0.002348
777,9373,"(37.505966, -122.33213)","(37.50914, -122.33191699999999)",0.003181
778,9374,"(37.505966, -122.33213)","(37.507278, -122.339317)",0.007306
779,9375,"(37.505966, -122.33213)","(37.502022, -122.318863)",0.013841
780,9376,"(37.50914, -122.33191699999999)","(37.517029, -122.32946799999999)",0.00826
781,9377,"(37.517029, -122.32946799999999)","(37.523663, -122.33011599999999)",0.006665
782,9576,"(37.50415, -122.47039)","(37.508305, -122.48074299999999)",0.011155
783,9577,"(37.508305, -122.48074299999999)","(37.509388, -122.48224599999999)",0.001853
784,9578,"(37.509388, -122.48224599999999)","(37.525265000000005, -122.508362)",0.030563
785,9579,"(37.525265000000005, -122.508362)","(37.534012, -122.513283)",0.010036
786,9580,"(37.534012, -122.513283)","(37.550262, -122.508926)",0.016824
787,9581,"(37.550262, -122.508926)","(37.568573, -122.510201)",0.018355
788,9582,"(37.568573, -122.510201)","(37.577099, -122.509354)",0.008568
789,9583,"(37.577099, -122.509354)","(37.583145, -122.507469)",0.006333
790,9584,"(37.583145, -122.507469)","(37.586006, -122.49961100000002)",0.008363
791,9585,"(37.586006, -122.49961100000002)","(37.592659000000005, -122.494308)",0.008507
792,9586,"(37.592659000000005, -122.494308)","(37.595669, -122.493652)",0.00308
793,9587,"(37.595669, -122.493652)","(37.597233, -122.494629)",0.001844
794,9588,"(37.597233, -122.494629)","(37.603188, -122.489571)",0.007813
